Workbook

Sheet คะแนนเด็กบท6
A2: รายงานข้อมูลและผลคะแนนการเรียนรู้ของนักศึกษา (Student Performance Report)
A3: รายวิชา: บทเรียนที่ 6 การสร้างฟอร์ม (Form) | ส่งออกข้อมูลเมื่อ: 17 กันยายน 2569 เวลา 13:27 น. | จำนวนนักศึกษาทั้งหมด: 37 คน
A5: 👥 นักศึกษาทั้งหมด | C5: 📈 ความก้าวหน้าเฉลี่ย | E5: 🏆 เรียนจบหลักสูตร | G5: 🟢 กำลังเรียน (Active) | I5: 🎓 ได้รับประกาศนียบัตร
A6: 37 คน | C6: 100.0% | E6: 37 คน | G6: 0 คน | I6: 37 คน
A7: ลงทะเบียนในระบบ | C7: ภาพรวมทั้งห้อง | E7: ผ่านเกณฑ์การเรียน | G7: เข้าเรียนสม่ำเสมอ | I7: ออกใบรับรองแล้ว
A9: ลำดับ | B9: รหัสนักศึกษา | C9: ชื่อ - นามสกุล | D9: อีเมล | E9: ความก้าวหน้า | F9: คะแนนก่อนเรียน (Pre-test) | G9: คะแนนหลังเรียน (Post-test) | H9: พัฒนาการ (Gain Score) | I9: แบบทดสอบย่อย (Quizzes) | J9: คะแนนใบงาน (Assignments) | K9: สถานะผู้เรียน | L9: ใบประกาศนียบัตร | M9: เข้าเรียนล่าสุด
A10: 1 | B10: 68219100001 | C10: 001นายกณวรรธน์ วราพุฒ | D10: 68219100001@svc.ac.th | E10: 100% | F10: 5/20 | G10: 13/20 | H10: +8.0 | I10: - | J10: 10 | K10: เรียนจบแล้ว | L10: มีประกาศนียบัตร | M10: 11 ก.ย. 2569 09:43
A11: 2 | B11: 68219100003 | C11: 003นางสาวกัญญพัชร แซ่ล้อ | D11: 68219100003@svc.ac.th | E11: 100% | F11: 8/20 | G11: 10/20 | H11: +2.0 | I11: - | J11: 10 | K11: เรียนจบแล้ว | L11: มีประกาศนียบัตร | M11: 4 ก.ย. 2569 09:16
A12: 3 | B12: 68219100004 | C12: 004นางสาวกัญญ์วรา อักษรสม | D12: 68219100004@svc.ac.th | E12: 100% | F12: 9/20 | G12: 11/20 | H12: +2.0 | I12: - | J12: 8 | K12: เรียนจบแล้ว | L12: มีประกาศนียบัตร | M12: 11 ก.ย. 2569 10:28
A13: 4 | B13: 68219100005 | C13: 005นางสาวกัญญาวีร์ อินทกูล | D13: 68219100005@svc.ac.th | E13: 100% | F13: 5/20 | G13: 14/20 | H13: +9.0 | I13: - | J13: 10 | K13: เรียนจบแล้ว | L13: มีประกาศนียบัตร | M13: 4 ก.ย. 2569 10:56
A14: 5 | B14: 68219100006 | C14: 006นางสาวกันยาวีร์ มีแสง | D14: 68219100006@svc.ac.th | E14: 100% | F14: 7/20 | G14: 17/20 | H14: +10.0 | I14: - | J14: 10 | K14: เรียนจบแล้ว | L14: มีประกาศนียบัตร | M14: 4 ก.ย. 2569 11:49
A15: 6 | B15: 68219100007 | C15: 007นางสาวกุลนันท์ พานิชย์ | D15: 68219100007@svc.ac.th | E15: 100% | F15: 8/20 | G15: 10/20 | H15: +2.0 | I15: - | J15: 10 | K15: เรียนจบแล้ว | L15: มีประกาศนียบัตร | M15: 11 ก.ย. 2569 09:16
A16: 7 | B16: 68219100008 | C16: 008นายไกรวุฒิ พรหมศิลป์ | D16: 68219100008@svc.ac.th | E16: 100% | F16: 6/20 | G16: 11/20 | H16: +5.0 | I16: - | J16: 10 | K16: เรียนจบแล้ว | L16: มีประกาศนียบัตร | M16: 4 ก.ย. 2569 10:25
A17: 8 | B17: 68219100009 | C17: 009นางสาวคิรภัสสร คงพูน | D17: 68219100009@svc.ac.th | E17: 100% | F17: 8/20 | G17: 13/20 | H17: +5.0 | I17: - | J17: 10 | K17: เรียนจบแล้ว | L17: มีประกาศนียบัตร | M17: 4 ก.ย. 2569 11:28
A18: 9 | B18: 68219100010 | C18: 010นายเจตภานุ จงพัฒน์ | D18: 68219100010@svc.ac.th | E18: 100% | F18: 10/20 | G18: 13/20 | H18: +3.0 | I18: - | J18: 10 | K18: เรียนจบแล้ว | L18: มีประกาศนียบัตร | M18: 4 ก.ย. 2569 09:15
A19: 10 | B19: 68219100011 | C19: 011นายณทชัย สอนศรีใหม่ | D19: 68219100011@svc.ac.th | E19: 100% | F19: 8/20 | G19: 10/20 | H19: +2.0 | I19: - | J19: 10 | K19: เรียนจบแล้ว | L19: มีประกาศนียบัตร | M19: 11 ก.ย. 2569 10:38
A20: 11 | B20: 68219100012 | C20: 012นางสาวณัฏฐณิษา หทัยพันธน์ | D20: 68219100012@svc.ac.th | E20: 100% | F20: 6/20 | G20: 16/20 | H20: +10.0 | I20: - | J20: 10 | K20: เรียนจบแล้ว | L20: มีประกาศนียบัตร | M20: 11 ก.ย. 2569 10:38
A21: 12 | B21: 68219100013 | C21: 013นายณัฐกร ศรีพิทักษ์ | D21: 68219100013@svc.ac.th | E21: 100% | F21: 7/20 | G21: 13/20 | H21: +6.0 | I21: - | J21: 10 | K21: เรียนจบแล้ว | L21: มีประกาศนียบัตร | M21: 11 ก.ย. 2569 09:12
... A46: 37 | B46: 68219100045 | C46: 045นางสาวอัญลดา แสงทอง | D46: 68219100045@svc.ac.th | E46: 100% | F46: 3/20 | G46: 11/20 | H46: +8.0 | I46: - | J46: - | K46: ขาดการติดต่อ | L46: มีประกาศนียบัตร | M46: 4 ก.ย. 2569 11:34

Sheet คะแนนเด็กบท7
A2: รายงานข้อมูลและผลคะแนนการเรียนรู้ของนักศึกษา (Student Performance Report)
A3: รายวิชา: บทเรียนที่ 7 การสร้างรายงาน (Report) | ส่งออกข้อมูลเมื่อ: 17 กันยายน 2569 เวลา 13:27 น. | จำนวนนักศึกษาทั้งหมด: 37 คน
A5: 👥 นักศึกษาทั้งหมด | C5: 📈 ความก้าวหน้าเฉลี่ย | E5: 🏆 เรียนจบหลักสูตร | G5: 🟢 กำลังเรียน (Active) | I5: 🎓 ได้รับประกาศนียบัตร
A6: 37 คน | C6: 100.0% | E6: 37 คน | G6: 0 คน | I6: 37 คน
A7: ลงทะเบียนในระบบ | C7: ภาพรวมทั้งห้อง | E7: ผ่านเกณฑ์การเรียน | G7: เข้าเรียนสม่ำเสมอ | I7: ออกใบรับรองแล้ว
A9: ลำดับ | B9: รหัสนักศึกษา | C9: ชื่อ - นามสกุล | D9: อีเมล | E9: ความก้าวหน้า | F9: คะแนนก่อนเรียน (Pre-test) | G9: คะแนนหลังเรียน (Post-test) | H9: พัฒนาการ (Gain Score) | I9: แบบทดสอบย่อย (Quizzes) | J9: คะแนนใบงาน (Assignments) | K9: สถานะผู้เรียน | L9: ใบประกาศนียบัตร | M9: เข้าเรียนล่าสุด
A10: 1 | B10: 68219100001 | C10: 001นายกณวรรธน์ วราพุฒ | D10: 68219100001@svc.ac.th | E10: 100% | F10: 10/20 | G10: 14/20 | H10: +4.0 | I10: - | J10: 10 | K10: เรียนจบแล้ว | L10: มีประกาศนียบัตร | M10: 4 ก.ย. 2569 09:26
A11: 2 | B11: 68219100003 | C11: 003นางสาวกัญญพัชร แซ่ล้อ | D11: 68219100003@svc.ac.th | E11: 100% | F11: 10/20 | G11: 11/20 | H11: +1.0 | I11: - | J11: 10 | K11: เรียนจบแล้ว | L11: มีประกาศนียบัตร | M11: 4 ก.ย. 2569 09:11
A12: 3 | B12: 68219100004 | C12: 004นางสาวกัญญ์วรา อักษรสม | D12: 68219100004@svc.ac.th | E12: 100% | F12: 7/20 | G12: 14/20 | H12: +7.0 | I12: - | J12: 8 | K12: เรียนจบแล้ว | L12: มีประกาศนียบัตร | M12: 4 ก.ย. 2569 09:21
A13: 4 | B13: 68219100005 | C13: 005นางสาวกัญญาวีร์ อินทกูล | D13: 68219100005@svc.ac.th | E13: 100% | F13: 8/20 | G13: 17/20 | H13: +9.0 | I13: - | J13: 10 | K13: เรียนจบแล้ว | L13: มีประกาศนียบัตร | M13: 4 ก.ย. 2569 09:13
A14: 5 | B14: 68219100006 | C14: 006นางสาวกันยาวีร์ มีแสง | D14: 68219100006@svc.ac.th | E14: 100% | F14: 10/20 | G14: 20/20 | H14: +10.0 | I14: - | J14: 10 | K14: เรียนจบแล้ว | L14: มีประกาศนียบัตร | M14: 4 ก.ย. 2569 09:20
A15: 6 | B15: 68219100007 | C15: 007นางสาวกุลนันท์ พานิชย์ | D15: 68219100007@svc.ac.th | E15: 100% | F15: 9/20 | G15: 20/20 | H15: +11.0 | I15: - | J15: 10 | K15: เรียนจบแล้ว | L15: มีประกาศนียบัตร | M15: 4 ก.ย. 2569 09:07
A16: 7 | B16: 68219100008 | C16: 008นายไกรวุฒิ พรหมศิลป์ | D16: 68219100008@svc.ac.th | E16: 100% | F16: 7/20 | G16: 13/20 | H16: +6.0 | I16: - | J16: 10 | K16: เรียนจบแล้ว | L16: มีประกาศนียบัตร | M16: 4 ก.ย. 2569 11:52
A17: 8 | B17: 68219100009 | C17: 009นางสาวคิรภัสสร คงพูน | D17: 68219100009@svc.ac.th | E17: 100% | F17: 6/20 | G17: 18/20 | H17: +12.0 | I17: - | J17: 10 | K17: เรียนจบแล้ว | L17: มีประกาศนียบัตร | M17: 4 ก.ย. 2569 09:18
A18: 9 | B18: 68219100010 | C18: 010นายเจตภานุ จงพัฒน์ | D18: 68219100010@svc.ac.th | E18: 100% | F18: 13/20 | G18: 17/20 | H18: +4.0 | I18: - | J18: 10 | K18: เรียนจบแล้ว | L18: มีประกาศนียบัตร | M18: 4 ก.ย. 2569 09:01
A19: 10 | B19: 68219100011 | C19: 011นายณทชัย สอนศรีใหม่ | D19: 68219100011@svc.ac.th | E19: 100% | F19: 5/20 | G19: 13/20 | H19: +8.0 | I19: - | J19: 10 | K19: เรียนจบแล้ว | L19: มีประกาศนียบัตร | M19: 4 ก.ย. 2569 09:01
A20: 11 | B20: 68219100012 | C20: 012นางสาวณัฏฐณิษา หทัยพันธน์ | D20: 68219100012@svc.ac.th | E20: 100% | F20: 5/20 | G20: 19/20 | H20: +14.0 | I20: - | J20: 8 | K20: เรียนจบแล้ว | L20: มีประกาศนียบัตร | M20: 11 ก.ย. 2569 08:47
A21: 12 | B21: 68219100013 | C21: 013นายณัฐกร ศรีพิทักษ์ | D21: 68219100013@svc.ac.th | E21: 100% | F21: 9/20 | G21: 19/20 | H21: +10.0 | I21: - | J21: 10 | K21: เรียนจบแล้ว | L21: มีประกาศนียบัตร | M21: 4 ก.ย. 2569 09:11
... A24: 15 | B24: 68219100016 | C24: 016นางสาวธนภรณ์ เพชรแก้ว | D24: 68219100016@svc.ac.th | E24: 100% | F24: 5/20 | G24: 13/20 | H24: +8.0 | I24: - | J24: 10 | K24: เรียนจบแล้ว | L24: มีประกาศนียบัตร | M24: 4 ก.ย. 2569 09:07
A25: 16 | B25: 68219100020 | C25: 020นางสาวเบ็ญจวัลย กุลคีรี | D25: 68219100020@svc.ac.th | E25: 100% | F25: 7/20 | G25: 18/20 | H25: +11.0 | I25: - | J25: 10 | K25: เรียนจบแล้ว | L25: มีประกาศนียบัตร | M25: 4 ก.ย. 2569 09:20
A26: 17 | B26: 68219100021 | C26: 021นายปณิธาน บุญญานุพงศ์ | D26: 68219100021@svc.ac.th | E26: 100% | F26: 9/20 | G26: 19/20 | H26: +10.0 | I26: - | J26: 10 | K26: เรียนจบแล้ว | L26: มีประกาศนียบัตร | M26: 4 ก.ย. 2569 09:07
A27: 18 | B27: 68219100022 | C27: 022นางสาวปนัดดา ฤทธิเวช | D27: 68219100022@svc.ac.th | E27: 100% | F27: 6/20 | G27: 14/20 | H27: +8.0 | I27: - | J27: 10 | K27: เรียนจบแล้ว | L27: มีประกาศนียบัตร | M27: 4 ก.ย. 2569 09:08
A28: 19 | B28: 68219100024 | C28: 024นางสาวปวันรัตน์ ยงสุย | D28: 68219100024@svc.ac.th | E28: 100% | F28: 5/20 | G28: 20/20 | H28: +15.0 | I28: - | J28: 10 | K28: เรียนจบแล้ว | L28: มีประกาศนียบัตร | M28: 4 ก.ย. 2569 09:07
A29: 20 | B29: 68219100025 | C29: 025นางสาวปุณยนุช รักบำรุง | D29: 68219100025@svc.ac.th | E29: 100% | F29: 6/20 | G29: 11/20 | H29: +5.0 | I29: - | J29: 10 | K29: เรียนจบแล้ว | L29: มีประกาศนียบัตร | M29: 4 ก.ย. 2569 09:16
A30: 21 | B30: 68219100028 | C30: 028นางสาวภรณี ขาวทอง | D30: 68219100028@svc.ac.th | E30: 100% | F30: 10/20 | G30: 19/20 | H30: +9.0 | I30: - | J30: 10 | K30: เรียนจบแล้ว | L30: มีประกาศนียบัตร | M30: 4 ก.ย. 2569 09:25
A31: 22 | B31: 68219100029 | C31: 029นายภวิศร์พงษ์ เกิดพงษ์พันธ์ | D31: 68219100029@svc.ac.th | E31: 100% | F31: 7/20 | G31: 13/20 | H31: +6.0 | I31: - | J31: 10 | K31: เรียนจบแล้ว | L31: มีประกาศนียบัตร | M31: 4 ก.ย. 2569 09:00
A32: 23 | B32: 68219100030 | C32: 030นายภาณุวัฒน์ บัวบุญ | D32: 68219100030@svc.ac.th | E32: 100% | F32: 10/20 | G32: 14/20 | H32: +4.0 | I32: - | J32: 10 | K32: เรียนจบแล้ว | L32: มีประกาศนียบัตร | M32: 4 ก.ย. 2569 09:04
A33: 24 | B33: 68219100031 | C33: 031นายภูริพัฒน์ ช่วยรอด | D33: 68219100031@svc.ac.th | E33: 100% | F33: 9/20 | G33: 13/20 | H33: +4.0 | I33: - | J33: 10 | K33: เรียนจบแล้ว | L33: มีประกาศนียบัตร | M33: 4 ก.ย. 2569 09:09
A34: 25 | B34: 68219100032 | C34: 032นายรัตนะฆเนตร ปิ่นสุวรรณ์ | D34: 68219100032@svc.ac.th | E34: 100% | F34: 8/20 | G34: 14/20 | H34: +6.0 | I34: - | J34: 10 | K34: เรียนจบแล้ว | L34: มีประกาศนียบัตร | M34: 4 ก.ย. 2569 09:23
A35: 26 | B35: 68219100033 | C35: 033นางสาววริศรา จันทร์สังสา | D35: 68219100033@svc.ac.th | E35: 100% | F35: 4/20 | G35: 11/20 | H35: +7.0 | I35: - | J35: 10 | K35: เรียนจบแล้ว | L35: มีประกาศนียบัตร | M35: 4 ก.ย. 2569 09:23
A36: 27 | B36: 68219100034 | C36: 034นางสาววัลนิดา ถนนแก้ว | D36: 68219100034@svc.ac.th | E36: 100% | F36: 6/20 | G36: 12/20 | H36: +6.0 | I36: - | J36: 10 | K36: เรียนจบแล้ว | L36: มีประกาศนียบัตร | M36: 4 ก.ย. 2569 09:11
A37: 28 | B37: 68219100035 | C37: 035นางสาววารุณี นุ้ยมัย | D37: 68219100035@svc.ac.th | E37: 100% | F37: 5/20 | G37: 13/20 | H37: +8.0 | I37: - | J37: 10 | K37: เรียนจบแล้ว | L37: มีประกาศนียบัตร | M37: 4 ก.ย. 2569 09:00
... A46: 37 | B46: 68219100045 | C46: 045นางสาวอัญลดา แสงทอง | D46: 68219100045@svc.ac.th | E46: 100% | F46: 9/20 | G46: 13/20 | H46: +4.0 | I46: - | J46: 10 | K46: เรียนจบแล้ว | L46: มีประกาศนียบัตร | M46: 4 ก.ย. 2569 09:17

Sheet แบบประเมินด้านเทคนิคและการออกแบ
A1: ประทับเวลา | B1: ชื่อ-นามสกุล | C1: ด้านการทำงานและประสิทธิภาพของระบบ [บทเรียนออนไลน์สามารถแสดงผลและทำงานได้อย่างถูกต้องและต่อเนื่อง] | D1: ด้านการทำงานและประสิทธิภาพของระบบ [บทเรียนออนไลน์สามารถตอบสนองต่อการใช้งานของผู้เรียนได้อย่างรวดเร็วและมีความเสถียร] | E1: ด้านการทำงานและประสิทธิภาพของระบบ [ระบบแชทบอทอัจฉริยะสามารถทำงานและตอบสนองต่อการโต้ตอบของผู้เรียนได้อย่างต่อเนื่อง] | F1: ด้านการออกแบบส่วนต่อประสานและการนำทาง [การจัดวางองค์ประกอบบนหน้าจอบทเรียนออนไลน์มีความเป็นระเบียบและเหมาะสม] | G1: ด้านการออกแบบส่วนต่อประสานและการนำทาง [รูปแบบตัวอักษร ขนาดตัวอักษร สี และองค์ประกอบทางภาพมีความเหมาะสมและช่วยให้สามารถอ่านเนื้อหาได้ชัดเจน] | H1: ด้านการออกแบบส่วนต่อประสานและการนำทาง [เมนู ปุ่มคำสั่ง และสัญลักษณ์ มีความชัดเจน สื่อความหมาย และใช้งานได้สะดวก] | I1: ด้านการออกแบบและนำเสนอสื่อมัลติมีเดีย [สื่อประกอบในบทเรียนออนไลน์มีความเหมาะสมกับการนำเสนอและช่วยให้การแสดงผลมีความชัดเจน] | J1: ด้านการออกแบบและนำเสนอสื่อมัลติมีเดีย [วิดีโอสาธิตสามารถแสดงผลได้อย่างชัดเจนและต่อเนื่อง] | K1: ด้านการออกแบบและนำเสนอสื่อมัลติมีเดีย [การจัดวางและผสมผสานข้อความ ภาพ และวิดีโอมีความเหมาะสมและช่วยให้การนำเสนอมีความน่าสนใจ] | L1: ด้านการใช้งานและประสบการณ์ของผู้เรียน [ผู้เรียนสามารถใช้งานบทเรียนออนไลน์ได้ง่ายและไม่ต้องผ่านขั้นตอนที่ซับซ้อน] | M1: ด้านการใช้งานและประสบการณ์ของผู้เรียน [การใช้งานบทเรียนออนไลน์มีความต่อเนื่องและไม่ทำให้ผู้เรียนเกิดความสับสนในการใช้งาน] | N1: ด้านการใช้งานและประสบการณ์ของผู้เรียน [บทเรียนออนไลน์มีรูปแบบการใช้งานที่เอื้อต่อการเรียนรู้และเหมาะสมกับผู้เรียน] | O1: ตอนที่ 3 ข้อเสนอแนะเพิ่มเติมในการปรับปรุงแก้ไข
A2: 46279.547 | B2: นายสัมฤทธิ์ ทองพัฒน์ | C2: 5 | D2: 5 | E2: 5 | F2: 5 | G2: 5 | H2: 5 | I2: 5 | J2: 5 | K2: 5 | L2: 5 | M2: 5 | N2: 5 | O2: เยี่ยมมากครับ
A3: 46282.435 | B3: ดร. พุทธิดา สกุลวิริยกิจกุล | C3: 5 | D3: 4 | E3: 5 | F3: 5 | G3: 5 | H3: 5 | I3: 5 | J3: 5 | K3: 5 | L3: 5 | M3: 4 | N3: 5 | O3: -
A4: 46282.597 | B4: ผู้ช่วยศาสตราจารย์ ดร. จิรพันธุ์ ศรีสมพันธุ์ | C4: 4 | D4: 4 | E4: 4 | F4: 3 | G4: 4 | H4: 4 | I4: 4 | J4: 4 | K4: 4 | L4: 4 | M4: 4 | N4: 4 | O4: การจัดวางองค์ประกอบบนหน้าจอบทเรียนออนไลน์ ยังใช้งานยาก ให้ไปดูตัวอย่าง AI PASS

Sheet สรุปหาค่า E1E2
A1: สรุปผลการวิจัย — ประสิทธิภาพ (E1/E2) 70/70 และการเปรียบเทียบผลสัมฤทธิ์ทางการเรียน
A3: รายการ | B3: ค่าเฉลี่ย/ร้อยละ | C3: หมายเหตุ
A4: E1 บทที่ 6 (%) | B4: =IFERROR(__xludf.DUMMYFUNCTION("AVERAGE(ARRAYFORMULA(VALUE(FILTER('คะแนนเด็กบท6'!J10:J46,REGEXMATCH('คะแนนเด็กบท6'!J10:J46,""^[0-9]+$"")))))/10*100"),98.7878787878788) -> 98.787879
A5: E1 บทที่ 7 (%) | B5: =IFERROR(__xludf.DUMMYFUNCTION("AVERAGE(ARRAYFORMULA(VALUE(FILTER('คะแนนเด็กบท7'!J10:J46,REGEXMATCH('คะแนนเด็กบท7'!J10:J46,""^[0-9]+$"")))))/10*100"),98.88888888888889) -> 98.888889
A6: E1 รวม 2 บท (%) | B6: =IFERROR(__xludf.DUMMYFUNCTION("AVERAGE(FILTER(VALUE('คะแนนเด็กบท6'!J10:J46)+VALUE('คะแนนเด็กบท7'!J10:J46), ISNUMBER(VALUE('คะแนนเด็กบท6'!J10:J46)), ISNUMBER(VALUE('คะแนนเด็กบท7'!J10:J46))))/20*100"),98.7878787878788) -> 98.787879 | C6: เต็ม 20 คะแนน
A8: E2 บทที่ 6 (%) | B8: =IFERROR(__xludf.DUMMYFUNCTION("AVERAGE(ARRAYFORMULA(VALUE(REGEXEXTRACT('คะแนนเด็กบท6'!G10:G46,""^(\d+)""))))/20*100"),65.4054054054054) -> 65.405405
A9: E2 บทที่ 7 (%) | B9: =IFERROR(__xludf.DUMMYFUNCTION("AVERAGE(ARRAYFORMULA(VALUE(REGEXEXTRACT('คะแนนเด็กบท7'!G10:G46,""^(\d+)""))))/20*100"),74.5945945945946) -> 74.594595
A10: E2 รวม 2 บท (%) | B10: =IFERROR(__xludf.DUMMYFUNCTION("AVERAGE(ARRAYFORMULA(VALUE(REGEXEXTRACT('คะแนนเด็กบท6'!G10:G46,""^(\d+)""))+VALUE(REGEXEXTRACT('คะแนนเด็กบท7'!G10:G46,""^(\d+)""))))/40*100"),70.0) -> 70 | C10: เต็ม 40 คะแนน
A12: E1/E2 | B12: =TEXT(B6,"0.00")&"/"&TEXT(B10,"0.00") -> 98.79/70.00

Sheet สรุปหาค่าสอบก่อน-หลัง
A1: A1: สรุปผลการเปรียบเทียบผลสัมฤทธิ์ทางการเรียนก่อนเรียนและหลังเรียน
A3: หน่วยการเรียนรู้ | B3: n | C3: X̄ ก่อนเรียน | D3: SD ก่อนเรียน | E3: X̄ หลังเรียน | F3: SD หลังเรียน | G3: ผลต่างเฉลี่ย | H3: t | I3: df | J3: p (Sig.)
A4: บทที่ 6 (การสร้างฟอร์ม) | B4: =COUNTA('คะแนนเด็กบท6'!F10:F46) -> 37 | C4: =IFERROR(__xludf.DUMMYFUNCTION("AVERAGE(ARRAYFORMULA(VALUE(REGEXEXTRACT('คะแนนเด็กบท6'!F10:F46,""^(\d+)""))))"),7.0) -> 7 | D4: =IFERROR(__xludf.DUMMYFUNCTION("STDEV(ARRAYFORMULA(VALUE(REGEXEXTRACT('คะแนนเด็กบท6'!F10:F46,""^(\d+)""))))"),1.972026594366539) -> 1.9720266 | E4: =IFERROR(__xludf.DUMMYFUNCTION("AVERAGE(ARRAYFORMULA(VALUE(REGEXEXTRACT('คะแนนเด็กบท6'!G10:G46,""^(\d+)""))))"),13.08108108108108) -> 13.081081 | F4: =IFERROR(__xludf.DUMMYFUNCTION("STDEV(ARRAYFORMULA(VALUE(REGEXEXTRACT('คะแนนเด็กบท6'!G10:G46,""^(\d+)""))))"),1.9490507430025523) -> 1.9490507 | G4: =E4-C4 -> 6.0810811 | H4: =IFERROR(__xludf.DUMMYFUNCTION("G4/(STDEV(ARRAYFORMULA(VALUE(REGEXEXTRACT('คะแนนเด็กบท6'!G10:G46,""^(\d+)""))-VALUE(REGEXEXTRACT('คะแนนเด็กบท6'!F10:F46,""^(\d+)""))))/SQRT(COUNTA('คะแนนเด็กบท6'!F10:F46)))"),13.0157140429117) -> 13.015714 | I4: =B4-1 -> 36 | J4: =_xlfn.T.DIST.2T(ABS(H4),I4) -> 0
A5: บทที่ 7 (การสร้างรายงาน) | B5: =COUNTA('คะแนนเด็กบท7'!F10:F46) -> 37 | C5: =IFERROR(__xludf.DUMMYFUNCTION("AVERAGE(ARRAYFORMULA(VALUE(REGEXEXTRACT('คะแนนเด็กบท7'!F10:F46,""^(\d+)""))))"),7.45945945945946) -> 7.4594595 | D5: =IFERROR(__xludf.DUMMYFUNCTION("STDEV(ARRAYFORMULA(VALUE(REGEXEXTRACT('คะแนนเด็กบท7'!F10:F46,""^(\d+)""))))"),2.5450888938262013) -> 2.5450889 | E5: =IFERROR(__xludf.DUMMYFUNCTION("AVERAGE(ARRAYFORMULA(VALUE(REGEXEXTRACT('คะแนนเด็กบท7'!G10:G46,""^(\d+)""))))"),14.91891891891892) -> 14.918919 | F5: =IFERROR(__xludf.DUMMYFUNCTION("STDEV(ARRAYFORMULA(VALUE(REGEXEXTRACT('คะแนนเด็กบท7'!G10:G46,""^(\d+)""))))"),3.0493931853401266) -> 3.0493932 | G5: =E5-C5 -> 7.4594595 | H5: =IFERROR(__xludf.DUMMYFUNCTION("G5/(STDEV(ARRAYFORMULA(VALUE(REGEXEXTRACT('คะแนนเด็กบท7'!G10:G46,""^(\d+)""))-VALUE(REGEXEXTRACT('คะแนนเด็กบท7'!F10:F46,""^(\d+)""))))/SQRT(B5))"),13.4915345819645) -> 13.491535 | I5: =B5-1 -> 36 | J5: =_xlfn.T.DIST.2T(ABS(H5),I5) -> 0
A6: รวมทั้ง 2 บทเรียน (เต็ม 40) | B6: =COUNTA('คะแนนเด็กบท6'!F10:F46) -> 37 | C6: =IFERROR(__xludf.DUMMYFUNCTION("AVERAGE(ARRAYFORMULA(VALUE(REGEXEXTRACT('คะแนนเด็กบท6'!F10:F46,""^(\d+)""))+VALUE(REGEXEXTRACT('คะแนนเด็กบท7'!F10:F46,""^(\d+)""))))"),14.45945945945946) -> 14.459459 | D6: =IFERROR(__xludf.DUMMYFUNCTION("STDEV(ARRAYFORMULA(VALUE(REGEXEXTRACT('คะแนนเด็กบท6'!F10:F46,""^(\d+)""))+VALUE(REGEXEXTRACT('คะแนนเด็กบท7'!F10:F46,""^(\d+)""))))"),3.716289925558932) -> 3.7162899 | E6: =IFERROR(__xludf.DUMMYFUNCTION("AVERAGE(ARRAYFORMULA(VALUE(REGEXEXTRACT('คะแนนเด็กบท6'!G10:G46,""^(\d+)""))+VALUE(REGEXEXTRACT('คะแนนเด็กบท7'!G10:G46,""^(\d+)""))))"),28.0) -> 28 | F6: =IFERROR(__xludf.DUMMYFUNCTION("STDEV(ARRAYFORMULA(VALUE(REGEXEXTRACT('คะแนนเด็กบท6'!G10:G46,""^(\d+)""))+VALUE(REGEXEXTRACT('คะแนนเด็กบท7'!G10:G46,""^(\d+)""))))"),3.8873012632302006) -> 3.8873013 | G6: =E6-C6 -> 13.540541 | H6: =IFERROR(__xludf.DUMMYFUNCTION("G6/(STDEV(ARRAYFORMULA((VALUE(REGEXEXTRACT('คะแนนเด็กบท6'!G10:G46,""^(\d+)""))+VALUE(REGEXEXTRACT('คะแนนเด็กบท7'!G10:G46,""^(\d+)"")))-(VALUE(REGEXEXTRACT('คะแนนเด็กบท6'!F10:F46,""^(\d+)""))+VALUE(REGEXEXTRACT('คะแนนเด็กบท7'!F10:F46,""^(\d+)"")))))/SQRT(B"&"6))"),16.839873684778844) -> 16.839874 | I6: =B6-1 -> 36 | J6: =_xlfn.T.DIST.2T(ABS(H6),I6) -> 0
A8: Cohen's d (รวม 2 บทเรียน) | B8: =IFERROR(__xludf.DUMMYFUNCTION("G6/STDEV(ARRAYFORMULA((VALUE(REGEXEXTRACT('คะแนนเด็กบท6'!G10:G46,""^(\d+)""))+VALUE(REGEXEXTRACT('คะแนนเด็กบท7'!G10:G46,""^(\d+)"")))-(VALUE(REGEXEXTRACT('คะแนนเด็กบท6'!F10:F46,""^(\d+)""))+VALUE(REGEXEXTRACT('คะแนนเด็กบท7'!F10:F46,""^(\d+)"")))))"),2.7684581801277774) -> 2.7684582
A10: สรุปผล
A11: ="คะแนนหลังเรียน (X̄="&TEXT(E6,"0.00")&") สูงกว่าก่อนเรียน (X̄="&TEXT(C6,"0.00")&") อย่างมีนัยสำคัญทางสถิติที่ระดับ .05 [t("&I6&")="&TEXT(H6,"0.00")&", p"&IF(J6<0.001,"<.001","="&TEXT(J6,"0.000"))&"]" -> คะแนนหลังเรียน (X̄=28.00) สูงกว่าก่อนเรียน (X̄=14.46) อย่างมีนัยสำคัญทางสถิติที่ระดับ .05 [t(36)=16.84, p<.001]

Sheet สรุปผลการประเมินด้านเทคนิค
A1: สรุปผลการประเมินคุณภาพด้านเทคนิคและการออกแบบโดยผู้เชี่ยวชาญ
A3: ด้าน | B3: n | C3: X̄ | D3: SD | E3: ระดับคุณภาพ
A4: 1. การทำงานและประสิทธิภาพของระบบ | B4: =COUNTA('แบบประเมินด้านเทคนิคและการออกแบ'!B2:B4) -> 3 | C4: =AVERAGE('แบบประเมินด้านเทคนิคและการออกแบ'!C2:E4) -> 4.5555556 | D4: {=STDEV(VSTACK('แบบประเมินด้านเทคนิคและการออกแบ'!C2:C4,'แบบประเมินด้านเทคนิคและการออกแบ'!D2:D4,'แบบประเมินด้านเทคนิคและการออกแบ'!E2:E4))} -> 0.52704628 | E4: =IFS(C4>=4.51,"มากที่สุด",C4>=3.51,"มาก",C4>=2.51,"ปานกลาง",C4>=1.51,"น้อย",TRUE,"น้อยที่สุด") -> มากที่สุด
A5: 2. การออกแบบส่วนต่อประสานและการนำทาง | B5: =COUNTA('แบบประเมินด้านเทคนิคและการออกแบ'!B2:B4) -> 3 | C5: =AVERAGE('แบบประเมินด้านเทคนิคและการออกแบ'!F2:H4) -> 4.5555556 | D5: {=STDEV(VSTACK('แบบประเมินด้านเทคนิคและการออกแบ'!F2:F4,'แบบประเมินด้านเทคนิคและการออกแบ'!G2:G4,'แบบประเมินด้านเทคนิคและการออกแบ'!H2:H4))} -> 0.72648316 | E5: =IFS(C5>=4.51,"มากที่สุด",C5>=3.51,"มาก",C5>=2.51,"ปานกลาง",C5>=1.51,"น้อย",TRUE,"น้อยที่สุด") -> มากที่สุด
A6: 3. การออกแบบและนำเสนอสื่อมัลติมีเดีย | B6: =COUNTA('แบบประเมินด้านเทคนิคและการออกแบ'!B2:B4) -> 3 | C6: =AVERAGE('แบบประเมินด้านเทคนิคและการออกแบ'!I2:K4) -> 4.6666667 | D6: {=STDEV(VSTACK('แบบประเมินด้านเทคนิคและการออกแบ'!I2:I4,'แบบประเมินด้านเทคนิคและการออกแบ'!J2:J4,'แบบประเมินด้านเทคนิคและการออกแบ'!K2:K4))} -> 0.5 | E6: =IFS(C6>=4.51,"มากที่สุด",C6>=3.51,"มาก",C6>=2.51,"ปานกลาง",C6>=1.51,"น้อย",TRUE,"น้อยที่สุด") -> มากที่สุด
A7: 4. การใช้งานและประสบการณ์ของผู้เรียน | B7: =COUNTA('แบบประเมินด้านเทคนิคและการออกแบ'!B2:B4) -> 3 | C7: =AVERAGE('แบบประเมินด้านเทคนิคและการออกแบ'!L2:N4) -> 4.5555556 | D7: {=STDEV(VSTACK('แบบประเมินด้านเทคนิคและการออกแบ'!L2:L4,'แบบประเมินด้านเทคนิคและการออกแบ'!M2:M4,'แบบประเมินด้านเทคนิคและการออกแบ'!N2:N4))} -> 0.52704628 | E7: =IFS(C7>=4.51,"มากที่สุด",C7>=3.51,"มาก",C7>=2.51,"ปานกลาง",C7>=1.51,"น้อย",TRUE,"น้อยที่สุด") -> มากที่สุด
A8: สรุปผล | B8: =COUNTA('แบบประเมินด้านเทคนิคและการออกแบ'!B2:B4) -> 3 | C8: =AVERAGE('แบบประเมินด้านเทคนิคและการออกแบ'!C2:N4) -> 4.5833333 | D8: =STDEV('แบบประเมินด้านเทคนิคและการออกแบ'!C2:N4) -> 0.55420471 | E8: =IFS(C8>=4.51,"มากที่สุด",C8>=3.51,"มาก",C8>=2.51,"ปานกลาง",C8>=1.51,"น้อย",TRUE,"น้อยที่สุด") -> มากที่สุด
